{"prev_token": "</s>", "time_step": 1, "top_tokens": [["<s>", "For", "As", " Ames", "He", "By", "In", "Am", "According", "The"]], "pre_scores": [[12.921893119812012, 11.611773490905762, 9.756553649902344, 9.08005142211914, 8.890701293945312, 8.123791694641113, 7.585068225860596, 7.545312881469727, 7.128485202789307, 6.737492561340332]], "post_scores": [[9.290813446044922, 7.528879165649414, 3.2733402252197266, 7.039890289306641, 5.683226585388184, 3.105510711669922, 3.38541316986084, 5.731635093688965, 0.7761988639831543, 3.4563214778900146]]}
{"prev_token": "<s>", "time_step": 2, "top_tokens": [["<s>", "For", "As", " Ames", "He", "By", "In", "Am", "According", "The"]], "pre_scores": [[12.921892166137695, 11.611773490905762, 9.75655460357666, 9.080050468444824, 8.890701293945312, 8.12379264831543, 7.58506965637207, 7.545314788818359, 7.128485679626465, 6.737492561340332]], "post_scores": [[8.729129791259766, 8.01168155670166, 5.475417137145996, 6.910940170288086, 5.893060684204102, 1.510061264038086, 3.583773612976074, 5.804337501525879, -0.3430304527282715, 3.8130016326904297]]}
{"prev_token": "<s>", "time_step": 3, "top_tokens": [["<s>", "For", "As", " Ames", "He", "By", "In", "Am", "According", "The"]], "pre_scores": [[12.921895027160645, 11.611774444580078, 9.756553649902344, 9.080050468444824, 8.890701293945312, 8.123790740966797, 7.585068702697754, 7.545313835144043, 7.128485202789307, 6.737491607666016]], "post_scores": [[7.454790115356445, 7.27744722366333, 4.997473239898682, 6.541284561157227, 4.645815849304199, -0.16905593872070312, 2.596949577331543, 5.407260894775391, -2.2385382652282715, 3.5043749809265137]]}
{"prev_token": "<s>", "time_step": 4, "top_tokens": [["<s>", "For", "As", " Ames", "He", "By", "In", "Am", "According", "The"]], "pre_scores": [[12.921892166137695, 11.611773490905762, 9.756553649902344, 9.080050468444824, 8.890701293945312, 8.123791694641113, 7.585068702697754, 7.545313835144043, 7.128485679626465, 6.737492084503174]], "post_scores": [[5.080356597900391, 5.630197048187256, 3.041351795196533, 5.543747425079346, 2.6008520126342773, -2.6180572509765625, 0.6417398452758789, 4.54622745513916, -5.006377220153809, 2.281039237976074]]}
{"prev_token": "For", "time_step": 5, "top_tokens": [[" example", " instance", " illustration", " case", " an", ",", " examples", " the", " this", " a"]], "pre_scores": [[13.049485206604004, 12.80825424194336, 7.284440517425537, 6.672511577606201, 6.402446269989014, 6.336750030517578, 6.1695098876953125, 6.038102626800537, 5.842840194702148, 5.781950950622559]], "post_scores": [[6.916487693786621, 5.604219913482666, -1.0108332633972168, 0.8389339447021484, -0.6131463050842285, -4.288191795349121, -6.024509429931641, 1.4035019874572754, -0.038865089416503906, -1.3121118545532227]]}
{"prev_token": " example", "time_step": 6, "top_tokens": [[",", ",", " Ames", " he", ":", ".", ",\"", ";", " the", " for"]], "pre_scores": [[13.29973030090332, 5.690936088562012, 5.252453804016113, 5.247775077819824, 5.229398250579834, 4.706969261169434, 4.424028396606445, 4.401642799377441, 4.353636741638184, 4.178555488586426]], "post_scores": [[5.611454963684082, -1.9973392486572266, -0.03641176223754883, -0.46942996978759766, -0.6861748695373535, 3.690814971923828, -2.17263126373291, -3.1697678565979004, -0.49318981170654297, -1.6641902923583984]]}
{"prev_token": ",", "time_step": 7, "top_tokens": [[" he", " Ames", " they", " the", " she", " said", " it", " for", " according", " as"]], "pre_scores": [[12.789233207702637, 11.279553413391113, 8.084074020385742, 7.966564178466797, 7.949158191680908, 7.730180263519287, 7.529080867767334, 7.396584987640381, 7.373568534851074, 6.478225231170654]], "post_scores": [[5.735210418701172, 5.353690147399902, 2.985809803009033, 0.18241262435913086, 0.9293684959411621, 3.733696937561035, 3.392146587371826, -1.4231963157653809, -3.8157577514648438, -7.568276882171631]]}
{"prev_token": " he", "time_step": 8, "top_tokens": [[" said", " stated", " mentioned", " says", " explained", " claimed", " added", " told", " noted", " suggested"]], "pre_scores": [[13.634733200073242, 11.278785705566406, 10.578298568725586, 10.260092735290527, 9.541797637939453, 9.236750602722168, 8.677412033081055, 8.57647705078125, 8.491828918457031, 8.488805770874023]], "post_scores": [[8.921388626098633, 2.3084402084350586, 2.7746191024780273, 4.352312088012695, 1.9291205406188965, -3.274129867553711, 1.0455880165100098, 1.733128547668457, -3.4851999282836914, -1.0936765670776367]]}
{"prev_token": " said", "time_step": 9, "top_tokens": [[",", " Ames", " that", " he", " the", " scientists", " they", " researchers", ",", " NASA"]], "pre_scores": [[13.352412223815918, 10.412232398986816, 7.461572647094727, 7.141787052154541, 6.968753814697266, 6.449978828430176, 6.108927249908447, 5.664743423461914, 5.557357311248779, 5.540453910827637]], "post_scores": [[5.360759735107422, 4.969451427459717, 1.494781494140625, 1.3791098594665527, 0.8138256072998047, 2.64851713180542, 1.0847458839416504, -3.7037906646728516, -2.434295177459717, -0.07546615600585938]]}
{"prev_token": ",", "time_step": 10, "top_tokens": [[" Ames", " scientists", " the", " researchers", " he", " it", " they", " NASA", " Am", " a"]], "pre_scores": [[15.613850593566895, 10.190498352050781, 9.841102600097656, 9.009496688842773, 8.511750221252441, 8.388381958007812, 7.998019695281982, 7.804744720458984, 7.734698295593262, 7.154074668884277]], "post_scores": [[8.886786460876465, 4.603766441345215, -0.34308910369873047, -4.617774963378906, 0.3680601119995117, 2.305802345275879, 0.5713710784912109, -0.4411945343017578, 1.8437719345092773, -6.356753349304199]]}
{"prev_token": " Ames", "time_step": 11, "top_tokens": [[" scientists", " researchers", "Scientists", " research", " investigators", " experts", " engineers", " Scientists", " scientist", " could"]], "pre_scores": [[13.78950309753418, 12.797028541564941, 9.22247314453125, 9.133825302124023, 8.929768562316895, 8.542725563049316, 8.460173606872559, 8.433321952819824, 8.123621940612793, 8.041413307189941]], "post_scores": [[7.579174041748047, -0.7381677627563477, 3.012144088745117, -6.027012825012207, -2.567082405090332, -0.9975271224975586, -0.4554166793823242, 2.2229928970336914, 1.2609314918518066, 1.8465499877929688]]}
{"prev_token": " scientists", "time_step": 12, "top_tokens": [[" could", " may", " might", " can", " would", " are", " have", " will", " were", " should"]], "pre_scores": [[12.695806503295898, 11.845025062561035, 11.787460327148438, 10.635174751281738, 9.005611419677734, 8.575675964355469, 8.176827430725098, 7.761191368103027, 7.366830825805664, 7.318104267120361]], "post_scores": [[6.24952507019043, 4.008909702301025, 4.617896556854248, 5.723015308380127, 2.03524112701416, 1.1390690803527832, 0.33798789978027344, 1.1888084411621094, -1.1376562118530273, 2.0969338417053223]]}
{"prev_token": " could", "time_step": 13, "top_tokens": [[" devise", " develop", " create", " come", " design", " use", " possibly", " set", " make", " build"]], "pre_scores": [[12.319767951965332, 11.944751739501953, 10.76919174194336, 10.342008590698242, 10.127673149108887, 10.0018310546875, 9.915877342224121, 9.79529094696045, 9.738142013549805, 9.492613792419434]], "post_scores": [[-6.387391090393066, -1.7658309936523438, -2.5744476318359375, 4.488356590270996, -3.238931655883789, 1.390645980834961, 0.34835243225097656, 1.131190299987793, 4.480693817138672, -0.19167423248291016]]}
{"prev_token": " come", "time_step": 14, "top_tokens": [[" up", " across", " to", " with", " out", "up", " Up", " forward", " back", "Up"]], "pre_scores": [[15.154728889465332, 9.515397071838379, 8.924358367919922, 8.823941230773926, 8.38464069366455, 7.5942702293396, 7.356673717498779, 7.339868545532227, 7.3007917404174805, 7.0848188400268555]],